1,Olga,Sidorenko,79268760444,Sidorenko@yandex.ru
2,Anna,Kovalenko,79685558725,Mironenko@yandex.ru
3,Anna,Duma,79096374120,Mironenko@gmail.com
4,Olga,Shagal,79883699251,Sidorenko@mail.ru
5,Anna,Kovalenko,79059178328,Duma@mail.ru
6,Anna,Sidorenko,79506468723,Shagal@mail.ru
7,Anna,Shagal,79270156302,Shagal@mail.ru
8,Anton,Shagal,79576847638,Moroz@yandex.ru
9,Miron,Sidorenko,79075521256,Duma@gmail.com
10,Svetlana,Galich,79643543906,Shagal@yandex.ru
11,Alex,Shagal,79476523376,Duma@gmail.com
12,Viktor,Sidorenko,79443267588,Mironenko@gmail.com
13,Svetlana,Moroz,79451656787,Kovalenko@yandex.ru
14,Vasilisa,Shagal,79035987237,Shapiro@mail.ru
15,Anna,Moroz,79711699589,Duma@gmail.com
16,Vasilisa,Moroz,79816388968,Duma@gmail.com
17,Vasilisa,Moroz,79082843049,Duma@yandex.ru
18,Viktor,Shapiro,79822404337,Sidorenko@yandex.ru
19,Anna,Mironenko,79910968152,Moroz@yandex.ru
20,Miron,Moroz,79943532498,Sidorenko@mail.ru
21,Anton,Galich,79001881213,Kovalenko@gmail.com
22,Anton,Shapiro,79046258625,Shapiro@gmail.com
23,Svetlana,Mironenko,79338377979,Duma@gmail.com
24,Svetlana,Kovalenko,79270866065,Shapiro@mail.ru
25,Olga,Duma,79707742497,Kovalenko@gmail.com
26,Anton,Duma,79551101418,Galich@gmail.com
27,Svetlana,Moroz,79672440202,Duma@gmail.com
28,Anna,Mironenko,79374446244,Galich@yandex.ru
29,Vasilisa,Duma,79032216385,Galich@mail.ru
30,Anna,Moroz,79008118373,Moroz@mail.ru
31,Anna,Mironenko,79073260761,Sidorenko@gmail.com
32,Miron,Moroz,79798047098,Mironenko@yandex.ru
33,Svetlana,Galich,79669643200,Duma@mail.ru
34,Anna,Duma,79683924384,Shapiro@mail.ru
35,Anna,Sidorenko,79815439034,Galich@mail.ru
36,Olga,Mironenko,79638570012,Shagal@gmail.com
37,Miron,Mironenko,79139844334,Duma@mail.ru
38,Svetlana,Duma,79263798707,Sidorenko@mail.ru
39,Olga,Galich,79617626497,Shagal@yandex.ru
40,Inna,Shapiro,79704242633,Shagal@yandex.ru
41,Anna,Moroz,79265498170,Kovalenko@yandex.ru
42,Alex,Kovalenko,79037698325,Kovalenko@gmail.com
43,Olga,Shagal,79946591594,Moroz@mail.ru
44,Anna,Shapiro,79745563788,Galich@yandex.ru
45,Alex,Duma,79706792831,Kovalenko@mail.ru
46,Igor,Shapiro,79040353889,Shapiro@gmail.com
47,Igor,Kovalenko,79062147924,Mironenko@gmail.com
48,Svetlana,Shagal,79325396277,Shagal@yandex.ru
49,Igor,Sidorenko,79538869658,Shapiro@yandex.ru
50,Svetlana,Duma,79364564201,Shapiro@gmail.com
51,Igor,Sidorenko,79650135584,Mironenko@gmail.com
52,Miron,Shapiro,79061526127,Shagal@yandex.ru
53,Olga,Sidorenko,79178398479,Shapiro@gmail.com
54,Anna,Kovalenko,79892959068,Duma@gmail.com
55,Alex,Mironenko,79489032369,Kovalenko@yandex.ru
56,Anna,Mironenko,79477500967,Galich@yandex.ru
57,Alex,Mironenko,79696597802,Sidorenko@mail.ru
58,Svetlana,Moroz,79980191428,Shagal@yandex.ru
59,Svetlana,Sidorenko,79175480893,Sidorenko@yandex.ru
60,Anna,Kovalenko,79705987111,Kovalenko@gmail.com
61,Anna,Shagal,79447954736,Duma@yandex.ru
62,Inna,Duma,79174289391,Duma@yandex.ru
63,Olga,Mironenko,79201888394,Shagal@yandex.ru
64,Igor,Galich,79395747236,Duma@mail.ru
65,Olga,Mironenko,79499697917,Sidorenko@yandex.ru
66,Svetlana,Moroz,79000526413,Galich@gmail.com
67,Olga,Duma,79919915450,Shapiro@mail.ru
68,Anna,Sidorenko,79246226523,Shapiro@gmail.com
69,Svetlana,Shagal,79730681621,Kovalenko@mail.ru
70,Anna,Galich,79138247589,Shagal@gmail.com
71,Vasilisa,Moroz,79993061413,Duma@mail.ru
72,Anna,Sidorenko,79206464552,Galich@mail.ru
73,Anton,Mironenko,79603848302,Mironenko@mail.ru
74,Svetlana,Shagal,79004582741,Sidorenko@yandex.ru
75,Alex,Shapiro,79382955874,Duma@gmail.com
76,Alex,Kovalenko,79954515074,Duma@gmail.com
77,Inna,Duma,79310870278,Mironenko@yandex.ru
78,Svetlana,Shagal,79933931688,Shapiro@yandex.ru
79,Igor,Moroz,79724895798,Kovalenko@yandex.ru
80,Svetlana,Kovalenko,79550406782,Mironenko@yandex.ru
81,Anna,Kovalenko,79208718955,Kovalenko@mail.ru
82,Viktor,Mironenko,79402406772,Shagal@gmail.com
83,Anna,Moroz,79855021899,Sidorenko@mail.ru
84,Inna,Duma,79058985828,Duma@gmail.com
85,Alex,Sidorenko,79658977373,Shapiro@mail.ru
86,Olga,Duma,79990143631,Galich@yandex.ru
87,Inna,Shagal,79357779097,Moroz@yandex.ru
88,Anna,Duma,79864781339,Sidorenko@mail.ru
89,Anna,Kovalenko,79977197841,Shagal@mail.ru
90,Anna,Kovalenko,79413069863,Galich@mail.ru
91,Anna,Kovalenko,79517083418,Kovalenko@mail.ru
92,Alex,Duma,79279617314,Duma@yandex.ru
93,Svetlana,Moroz,79447194420,Mironenko@mail.ru
94,Vasilisa,Sidorenko,79974097701,Duma@yandex.ru
95,Alex,Duma,79217839827,Duma@gmail.com
96,Anna,Mironenko,79453788831,Moroz@mail.ru
97,Anna,Kovalenko,79295690075,Galich@gmail.com
98,Alex,Kovalenko,79997155894,Shagal@yandex.ru
99,Olga,Sidorenko,79376087299,Galich@gmail.com
100,Vasilisa,Duma,79262159544,Duma@gmail.com
